time,ET_cap_m3_day,ET_no_cap_m3_day,ET_cap_m_day,ET_no_cap_m_day,ET_mm_day,SSEBop_ET_m_day
2003-10-01,2129150.511228922,452303.0646685583,0.001039624273060997,0.00022085110579519448,2.4733024,0.0024733024000000003
2003-10-02,2009320.6247118816,471610.5387178028,0.0009811135862850984,0.00023027858335830214,2.5233808,0.0025233808
2003-10-03,2814213.2705841553,589392.830151778,0.0013741275735274195,0.0002877894678475478,2.2245204,0.0022245204
2003-10-04,1631897.9706714517,341666.99841299676,0.0007968251809919197,0.00016682958906884607,2.4624052,0.0024624052
2003-10-05,2328441.2545654834,1564938.5711296257,0.0011369342063308025,0.0007641301616843876,2.3343222,0.0023343222
2003-10-06,2487636.1558037465,1042950.7872767206,0.0012146660917010481,0.0005092533140999612,2.1031806,0.0021031806
2003-10-07,2546666.0406383,552827.4242130566,0.0012434892776554199,0.0002699352657290315,1.9039184,0.0019039184
2003-10-08,2380330.3717389703,365996.1880556844,0.001162270689325669,0.00017870907619906465,1.7477624,0.0017477624
2003-10-09,2937903.6581786084,2896740.619327016,0.0014345232705950236,0.0014144241305307696,1.6612723,0.0016612723
2003-10-10,2570271.856809655,2511603.1671250034,0.0012550155550828395,0.0012263687339477555,1.5415154,0.0015415154
2003-10-11,2220732.1294530146,1871988.7621024705,0.0010843418600844797,0.0009140570127453469,1.6344732,0.0016344731999999999
2003-10-12,2491972.942996965,1809603.9428793073,0.0012167836635727366,0.0008835956752340368,1.8738332,0.0018738332
2003-10-14,2017582.1578374505,985555.6053271907,0.0009851475380065677,0.0004812283229136673,1.8216087,0.0018216087
2003-10-15,1947663.819015283,817530.8931217632,0.0009510077241285561,0.000399185006407111,1.5671619,0.0015671619000000002
2003-10-16,2433537.8417379935,983483.99674939,0.0011882508992861296,0.0004802167952877881,0.014167477,1.4167477e-05
2003-10-17,1833125.1708696575,589220.7245879851,0.0008950806498386999,0.0002877054319277271,0.015601858,1.5601858e-05
2003-10-18,2004238.7197816572,585377.6507323815,0.0009786321873933874,0.00028582893102167063,0.015862571,1.5862571e-05
2003-10-19,2252476.147935417,588286.8418374552,0.0010998418691090903,0.0002872494344909449,0.013760054,1.3760054000000001e-05
2003-10-20,2320809.9481409397,493605.32105388254,0.0011332079824906932,0.0002410182231708411,0.013899691,1.3899691e-05
2003-10-21,2056388.371381908,384608.0735168952,0.0010040958844638223,0.00018779691089692148,0.013486523,1.3486523e-05
2003-10-22,2053911.8443287967,302327.64063652593,0.0010028866427386704,0.0001476209182795537,0.01351127,1.351127e-05
2003-10-23,1915027.6697452958,265815.47216003365,0.0009350721043678202,0.00012979271101564143,0.012301812,1.2301812000000001e-05
2003-10-24,2121414.5789952357,243975.7428615445,0.0010358469624000175,0.00011912878069411352,0.010954928,1.0954927999999999e-05
2003-10-25,1486878.4224015293,145930.94498011534,0.0007260148546882467,7.125534422857194e-05,0.0103614675,1.03614675e-05
2003-10-26,1248814.5764762184,165620.84541589973,0.0006097727424200285,8.086955342573229e-05,0.008288996,8.288996e-06
2003-10-27,1341502.9943279922,172719.8024352384,0.0006550307589492149,8.433584103283125e-05,0.008288996,8.288996e-06
2003-10-28,1225208.9419929641,154702.67901105434,0.000598246553707502,7.553841748586637e-05,0.008288996,8.288996e-06
2003-10-29,1514831.642464265,195318.04513214153,0.0007396638879220044,9.537013922467849e-05,0.009177199,9.177199e-06
2003-10-30,2069016.0298722899,208287.34141371894,0.001010261733336079,0.00010170280342466745,0.010855502,1.0855502e-05
2003-11-01,1218903.4665906206,356876.21213039535,0.0005951677082962015,0.0001742559629542946,0.013229343,1.3229343e-05
2003-11-02,1680016.7659224959,605546.2011353988,0.0008203206864855937,0.00029567685602314395,0.011346444,1.1346444e-05
2003-11-03,2001682.129589355,599581.6239221483,0.0009773838523385522,0.0002927644648057364,0.012938579,1.2938579000000001e-05
2003-11-04,1542179.1018011472,389536.00117924437,0.0007530171395513414,0.0001902031255758029,0.013526735,1.3526735e-05
2003-11-05,908279.7586791154,195957.3882497807,0.00044349597591753685,9.568231848133822e-05,0.009755635,9.755635000000001e-06
2003-11-06,790400.4006819399,208871.96300894016,0.0003859376956454785,0.00010198826318795906,0.011441451,1.1441451e-05
2003-11-08,382314.7753795287,318102.92507301015,0.0001866771364157855,0.00015532369388330573,0.011542643,1.1542643e-05
2003-11-09,497581.55848757253,457019.8094389914,0.00024295974535526002,0.00022315420382763252,0.26871675,0.00026871675
2003-11-10,1009257.6238698692,896284.2694323701,0.0004928015741552096,0.00043763880343377444,0.26971322,0.00026971321999999997
2003-11-11,1274052.3452900876,1133428.59529842,0.0006220958717236756,0.0005534319312980566,0.26824704,0.00026824704
2003-11-12,925869.9004077939,649993.8204255366,0.00045208491230849313,0.0003173797951296565,0.22294919,0.00022294918999999998
2003-11-13,860436.5914373426,489886.6840899686,0.0004201350544127649,0.00023920248246580498,0.22845826,0.00022845826
2003-11-14,341347.71802896366,180368.6933077609,0.00016667369044382993,8.807065102918013e-05,0.25334823,0.00025334823000000003
2003-11-15,747835.517086019,760962.1418055322,0.00036515406107715773,0.0003715635458034825,0.2496465,0.00024964649999999997
2003-11-16,908811.4785332134,899422.977619126,0.0004437556047525456,0.00043917137579058883,0.19857624,0.00019857624
2003-11-17,367819.5628453127,365857.01319620584,0.00017959939592056284,0.00017864111972470988,0.50436145,0.00050436145
2003-11-18,843340.2193552902,801492.2110389506,0.00041178721648207526,0.0003913536186713626,0.5690075,0.0005690075
2003-11-19,972227.9432116916,975345.5878819047,0.0004747206753963338,0.0004762429628329613,0.5951476,0.0005951476
2003-11-20,1217773.902419762,1156927.2824872185,0.0005946161632908994,0.0005649058996519622,0.6076973,0.0006076973
2003-11-21,968344.9160577812,903377.1290636663,0.00047282466604383846,0.0004411021138006183,0.50464696,0.0005046469599999999
2003-11-22,784428.5747578,712242.0286647179,0.000383021765018457,0.00034777442805894427,0.4175073,0.0004175073
2003-11-23,785854.4565680864,618999.5867882078,0.00038371799637113593,0.0003022458919864296,0.513905,0.0005139049999999999
2003-11-24,468064.7655679251,388724.89492530253,0.00022854724881246345,0.00018980707760024538,0.55532086,0.00055532086
2003-11-25,828651.4428629534,659098.7474291942,0.0004046149623354265,0.0003218255602681612,0.009940345,9.940345e-06
2003-11-26,735063.2272024497,615941.3970587025,0.0003589175914074461,0.0003007526352825696,0.009821034,9.821034e-06
2003-11-27,586953.0735748805,433918.0485575294,0.0002865981804564846,0.00021187404714723116,0.008708353,8.708353000000001e-06
2003-11-28,565887.8748549112,417897.99037191743,0.0002763124388939996,0.0002040517531112878,0.009428193,9.428193e-06
2003-11-29,750895.4069492402,529191.9676614843,0.00036664814792443373,0.0002583945154597091,0.008555457,8.555457e-06
2003-11-30,855899.0122825741,615211.6188508812,0.0004179194395911006,0.00030039629826703187,0.008606717,8.606717e-06
2003-12-01,701523.7671535236,500797.43008740776,0.00034254090193043145,0.00024452999515986706,0.007918693,7.918692999999998e-06
2003-12-02,663454.8126355094,432047.18955302774,0.00032395254523218234,0.00021096054177393932,0.009097216,9.097216e-06
2003-12-03,666986.538195177,429216.92107867583,0.00032567702060311374,0.00020957857474544718,0.108216085,0.00010821608500000001
2003-12-04,475129.59671720746,329687.63016510085,0.00023199687339707395,0.00016098028816655314,0.10478303,0.00010478303
2003-12-05,537141.1424595873,325286.01072739606,0.0002622759484665954,0.00015883105992548635,0.086053915,8.6053915e-05
2003-12-06,360492.1099866275,238429.57890176665,0.00017602153807940794,0.00011642069282312825,0.081440575,8.1440575e-05
2003-12-07,746288.2225275738,459115.0361533741,0.0003643985461560419,0.0002241772637467647,0.080235094,8.023509400000001e-05
2003-12-08,836232.8796189228,509625.2471299464,0.00040831683575142714,0.00024884045270016914,0.09849404,9.849404e-05
2003-12-09,329228.8170023282,178010.47328228052,0.00016075625830191804,8.691917640736354e-05,0.09740124,9.740124e-05
2003-12-10,631303.3872287917,364876.1502597334,0.0003082536070453085,0.00017816218274401043,0.0886814,8.868139999999999e-05
2003-12-11,424802.895986516,245377.57598366754,0.00020742328905591604,0.00011981326952327517,0.027435265,2.7435265e-05
2003-12-12,118402.85306089694,60727.297439866205,5.7813893096141085e-05,2.965200070305967e-05,0.024182945,2.4182945e-05
2003-12-13,109419.37101453943,113194.74822579886,5.342742725319308e-05,5.527087315712835e-05,0.03110252,3.1102520000000004e-05
2003-12-14,195744.46169677636,218577.42136707302,9.557835043787909e-05,0.00010672725652689113,0.03497879,3.4978790000000004e-05
2003-12-15,649858.4163059798,705704.9534510036,0.0003173136798369042,0.00034458249680224785,0.033699956,3.3699956000000006e-05
2003-12-17,503753.3567312662,546675.645513212,0.0002459733187164386,0.000266931467535748,0.027545296,2.7545296e-05
2003-12-18,569899.4659367442,603182.4777608144,0.0002782712236019259,0.00029452269421914763,0.030977465,3.0977465e-05
2003-12-19,445175.15000125824,475055.58295500366,0.00021737067871155187,0.00023196073386474788,0.001443659,1.443659e-06
2003-12-20,606607.530222952,631587.5244828927,0.0002961950831166758,0.00030839234593891244,0.0015377818,1.5377818e-06
2003-12-21,767462.1809694662,780377.0791600437,0.00037473739305149715,0.0003810434956836151,0.0015059655,1.5059654999999999e-06
2003-12-22,420241.5212366898,409500.599775278,0.00020519605529135246,0.00019995146473402248,0.0010919134,1.0919134e-06
2003-12-23,559358.7633626285,557630.4655424135,0.0002731243961731585,0.00027228050075313163,0.0011701282,1.1701282e-06
2003-12-24,446141.39073322254,445715.4015358137,0.0002178424759439563,0.00021763447340615902,0.0011701282,1.1701282e-06
2003-12-25,618009.3660658873,598037.2296529321,0.00030176238577435903,0.0002920103660414708,0.0011939903,1.1939902999999999e-06
2003-12-26,523126.5412002707,479533.74344825157,0.00025543288144544467,0.00023414733566809158,0.0009209015,9.209015e-07
2003-12-27,271648.66669623845,238192.70182482255,0.00013264095053527268,0.00011630503018790164,0.024515688,2.4515688e-05
2003-12-28,541784.623522589,503605.5900130741,0.00026454327320438913,0.00024590116699857136,0.02726381,2.726381e-05
2003-12-29,476975.8743459276,451148.22972455213,0.00023289837614547248,0.00022028722154519148,0.025433496,2.5433496e-05
2003-12-30,664751.4231153674,606359.0048459849,0.0003245856558180505,0.0002960737328349535,0.024244368,2.4244368e-05
2003-12-31,680631.9583194084,610471.703356678,0.0003323398233981486,0.00029808188640462793,0.031795405,3.1795405e-05
2004-01-01,355506.87968342,294256.0329887837,0.00017358734359541991,0.00014367970360780455,0.0,0.0
2004-01-02,721458.1844368636,600294.1750582891,0.0003522745041195623,0.0002931123901651802,0.0,0.0
2004-01-03,489174.4866245019,391111.1229891193,0.00023885472979712005,0.00019097222802203092,0.0,0.0
2004-01-04,378723.04981337837,333958.19919656316,0.00018492336416668864,0.00016306552695144686,0.0,0.0
2004-01-05,376744.4765318591,337532.03527227807,0.00018395726393157183,0.000164810564097792,0.0,0.0
2004-01-06,267349.7940752589,237788.70427979314,0.00013054189163831,0.00011610776576161774,0.0,0.0
2004-01-07,306401.52133986005,261187.52831121866,0.00014961011784172853,0.00012753297280821224,0.0,0.0
2004-01-08,421200.72775092925,349356.1517141294,0.00020566441784713343,0.00017058405845416473,0.0,0.0
2004-01-09,305304.4204530994,251799.3943530701,0.00014907442404936495,0.00012294892302396,0.005035793,5.035793e-06
2004-01-10,309661.0033523453,251008.0960333631,0.00015120166179313736,0.00012256254689129058,0.0047565177,4.7565176999999995e-06
2004-01-11,481116.73746873514,375448.1876946489,0.00023492028196715582,0.0001833243103977778,0.0056394166,5.6394166e-06
2004-01-12,440320.7504720472,335365.6214015264,0.0002150003664414293,0.00016375274482496405,0.005055678,5.055678e-06
2004-01-13,155769.3589799081,136333.6024007615,7.605925731440825e-05,6.656914179724683e-05,0.0050388863,5.0388863e-06
2004-01-14,373737.2139174322,324447.6409704762,0.0001824888739831212,0.00015842169969261532,0.0053009284,5.3009284e-06
2004-01-15,415099.26663365803,350768.049219648,0.00020268518878596584,0.00017127346153303125,0.0043950514,4.3950513999999995e-06
2004-01-16,50744.93181424499,42135.40353431241,2.4777798737424312e-05,2.0573927506988484e-05,0.004779938,4.779938e-06
2004-01-17,45886.74386831264,50950.16927036417,2.240563665444953e-05,2.4878012339045002e-05,0.1077141,0.0001077141
2004-01-18,636939.0051449809,840380.1396633793,0.00031100537360594766,0.00041034186507000943,0.09594786,9.594786e-05
2004-01-19,329549.1011038634,434189.4323456852,0.0001609126470233708,0.0002120065587625416,0.11700001,0.00011700001
2004-01-20,408583.3624780656,518312.04811914416,0.00019950359495999297,0.0002530820547456759,0.12059215,0.00012059215
2004-01-21,400739.90132994036,470719.8053671484,0.00019567377994625994,0.00022984365496442794,0.09751702,9.751702e-05
2004-01-22,410713.7918973137,487896.34631029353,0.00020054384369986021,0.00023823063784682302,0.13583297,0.00013583297
2004-01-23,459327.2426216243,542586.715754063,0.00022428088018634,0.0002649349198017886,0.085430846,8.543084600000001e-05
2004-01-24,245237.24359684216,241455.34928429403,0.00011974474785002058,0.00011789811976772169,0.1003111,0.0001003111
2004-01-25,364514.96868651774,416825.4490757466,0.00017798582455396373,0.0002035280513065169,0.6727937,0.0006727937
2004-01-26,421020.97674242023,594468.639124796,0.00020557664880000988,0.0002902678901976543,0.78030366,0.00078030366
2004-01-27,312163.3839642723,422277.7569626352,0.00015242352732630483,0.00020619031101691172,0.7680235,0.0007680235
2004-01-28,504812.7145059075,628900.092934996,0.00024649058325483764,0.00030708012350341604,0.78387934,0.0007838793400000001
2004-01-29,430849.24739488703,528344.2859723353,0.0002103756090795347,0.00025798060838492934,0.6229687,0.0006229687
2004-01-30,396006.9599855246,539395.4579876435,0.00019336277343043193,0.0002633766884705291,0.7179271,0.0007179271000000001
2004-01-31,368998.7173987148,459988.87761589367,0.00018017515497984122,0.0002246039441483856,0.5876633,0.0005876633
2004-02-01,149147.112528107,177748.82951650477,7.282573853911475e-05,8.679142066235585e-05,0.50387144,0.0005038714399999999
2004-02-02,413557.6949825812,527406.9823529405,0.00020193246825321348,0.0002575229406020217,0.04367477,4.367477e-05
2004-02-03,350264.22971914546,443146.90556821553,0.0001710274559175515,0.00021638032498448023,0.053965535,5.3965535e-05
2004-02-04,220361.63685483276,296199.97729224706,0.00010759845549552381,0.00014462889516223,0.03734644,3.734644e-05
2004-02-05,241137.73108547466,292248.53921010054,0.00011774303275657942,0.0001426994820361819,0.049816176,4.9816175999999993e-05
2004-02-06,275824.3344014162,357782.3709763965,0.0001346798507819415,0.0001746984233283186,0.048383564,4.8383564e-05
2004-02-07,302308.01479451696,371380.2512617014,0.00014761133534888524,0.00018133801331137763,0.041786566,4.1786566e-05
2004-02-08,479650.0403926167,589252.9993066905,0.00023420412128545738,0.00028772119106772,0.04765754,4.765754e-05
2004-02-09,344123.94143688574,404772.90346949897,0.00016802926827972936,0.0001976430192722163,0.042475477,4.2475477e-05
2004-02-10,426566.96966993966,523245.67795130546,0.00020828465315915023,0.0002554910536871609,0.5220482,0.0005220482
2004-02-11,163847.2102454659,198253.4409721709,8.000352062766889e-05,9.680343797469282e-05,0.5450552,0.0005450552
2004-02-13,221320.54609370683,282011.4385549686,0.00010806667289731779,0.00013770089773191828,0.8347428,0.0008347428
2004-02-14,190570.06897300034,229142.61422652256,9.305179149072282e-05,0.00011188604210279423,0.8011141,0.0008011141
2004-02-15,276424.33753650554,330831.4267714881,0.00013497282106274684,0.00016153878260326566,0.63747245,0.00063747245
2004-02-16,373126.0622299812,434985.7003374518,0.000182190460073233,0.0002123953614928964,0.6008957,0.0006008957000000001
2004-02-17,467684.04196435463,541190.6200555575,0.00022836134861540754,0.0002642532324490027,0.5725351,0.0005725350999999999
2004-02-18,751030.2633843811,870976.2000585322,0.0003667139957931548,0.00042528134768483015,0.13421741,0.00013421741000000002
2004-02-19,1024405.9097032059,1141763.65491889,0.0005001981980972685,0.0005575017846283642,0.121527635,0.000121527635
2004-02-20,895363.7794710372,1072326.6147826873,0.0004371893454448424,0.000523596979874359,0.10321963,0.00010321963
2004-02-21,710018.0854541694,834196.2411263916,0.0003466885182881687,0.0004073223833624959,0.10315467,0.00010315467
2004-02-22,1017361.9623224344,1131914.423187628,0.0004967587706652512,0.0005526925894470839,0.11815466,0.00011815466
2004-02-23,256591.34540828093,292560.58919278905,0.00012528874287513718,0.00014285185019179153,0.08716527,8.716527e-05
2004-02-24,450543.98018640204,571450.8295318226,0.0002199921778253916,0.00027902872535733524,0.10838887,0.00010838887
2004-02-25,857494.473412888,1070125.2997806498,0.0004186984733461367,0.0005225221190335204,0.10150243,0.00010150243000000001
2004-02-26,560562.0504005132,667376.9741584578,0.0002737119386721256,0.0003258676631633095,0.11520549,0.00011520549
2004-02-27,884900.2994674474,1034239.9660461036,0.00043208022434933956,0.0005049999834209491,0.13920636,0.00013920636
2004-02-28,774432.924687701,906148.4625123811,0.00037814107650766655,0.0004424553039611236,0.14974195,0.00014974195
2004-02-29,710548.7707007136,796649.8232875086,0.00034694764194370784,0.0003889891715271038,0.11831773,0.00011831773
2004-03-01,1298739.7104270463,1525134.0263045235,0.0006341502492319562,0.0007446943487815056,0.124729574,0.000124729574
2004-03-02,765517.9679224633,893774.0282272251,0.0003737880702746403,0.00043641309972032474,0.14822759,0.00014822759
2004-03-03,241639.24253622908,285083.7832080732,0.00011798791139464311,0.00013920106601956697,0.1715559,0.0001715559
2004-03-04,-36311.74919290977,-60151.56674060644,-1.7730346285600473e-05,-2.937088219756174e-05,0.17384401,0.00017384401
2004-03-05,1015408.5516458885,1049050.319370302,0.0004958049568583439,0.0005122316012550302,1.5520309,0.0015520309000000001
2004-03-06,941631.2138431221,987939.6961204797,0.00045978086613433696,0.000482392429746328,1.897142,0.001897142
2004-03-07,1187177.3655319468,1279519.0976137405,0.0005796764480136459,0.0006247651843817092,1.7034854,0.0017034854
2004-03-08,1364751.3488744749,1437846.6216488606,0.0006663824945676147,0.0007020735457269827,1.8133956,0.0018133956
2004-03-09,1230540.28850452,1313391.8200000254,0.0006008497502463477,0.0006413045996093874,1.7467253,0.0017467253
2004-03-10,1529796.9067994857,1626492.6947892425,0.0007469711458981864,0.0007941858861275598,1.7444978,0.0017444978
2004-03-11,929983.8870273265,988247.4648858907,0.00045409369483756176,0.00048254270746381385,1.725959,0.001725959
2004-03-12,1035978.758104575,1090715.915277748,0.0005058490029807495,0.0005325761305067128,2.0073948,0.0020073948000000003
2004-03-13,271570.45809339004,290310.0593699244,0.0001326027627409131,0.00014175295867672091,0.7718948,0.0007718948
2004-03-14,1128843.3528030177,1179867.843863116,0.0005511930433608485,0.0005761073456362871,0.763019,0.000763019
2004-03-15,1046709.5539700562,1089718.7232762026,0.0005110886493994415,0.0005320892203497083,0.7776699,0.0007776699
2004-03-16,898675.9748668692,947921.5840945691,0.00043880662835296344,0.0004628523359836763,0.78619444,0.00078619444
2004-03-17,1820713.6237580758,1895560.4698375708,0.0008890203241006229,0.0009255666356628763,0.7911817,0.0007911817
2004-03-18,1883575.6735481464,1957148.2003894118,0.0009197146843496808,0.0009556387697213925,0.774229,0.000774229
2004-03-19,2185953.474320994,2242737.463594555,0.0010673600948832979,0.0010950866521457787,0.7991277,0.0007991277
2004-03-20,2300179.000325922,2361268.291780782,0.0011231342775028916,0.001152963033096085,1.0057088,0.0010057088
2004-03-21,2000041.654181934,2092422.4992618526,0.0009765828389560224,0.0010216906734677015,0.6465763,0.0006465763
2004-03-23,2255552.3165974324,2322034.3825859516,0.00110134390458859,0.0011338058508720467,0.8378109,0.0008378109
2004-03-24,2060668.5735102925,2101295.4799592253,0.0010061858269093224,0.0010260231835738404,0.7426593,0.0007426593
2004-03-25,2361370.492951614,2395632.454654615,0.0011530129360115301,0.0011697424094993236,0.748708,0.0007487080000000001
2004-03-26,2254462.476259895,2252531.797482779,0.001100811755986277,0.001099869041739638,0.7421145,0.0007421145
2004-03-27,1727407.068907882,1699995.2506701325,0.0008434604828651767,0.0008300758059912756,0.88243526,0.00088243526
2004-03-28,1915342.2700713954,1956373.5991476187,0.0009352257178082985,0.0009552605464587982,0.8675462,0.0008675462
2004-03-29,1910553.1302038203,1989020.5414936822,0.0009328872706073341,0.000971201436276212,2.0300162,0.0020300162
2004-03-30,1758099.3023536713,1814510.3044281977,0.0008584469249773786,0.0008859913595840809,1.8234084,0.0018234084
2004-03-31,1938902.1272678466,1993896.0386145238,0.0009467295543300032,0.000973582050104748,2.0334835,0.0020334835
2004-04-01,2272485.8891586647,2307487.8016832843,0.0011096122505657542,0.0011267030281656661,2.0086222,0.0020086222
2004-04-02,2826888.1935569826,2800007.1716738488,0.0013803165007602455,0.0013671910017938715,1.9041773,0.0019041773
2004-04-03,2277780.2785741477,2206317.431175245,0.001112197401647533,0.0010773034331910377,1.9861017,0.0019861017
2004-04-04,1896032.1592837544,1801316.933488023,0.0009257969527752707,0.0008795492839296987,1.7804251,0.0017804251
2004-04-05,1430645.537566446,1350909.8018961744,0.0006985573913898662,0.0006596239267071164,1.804861,0.001804861
2004-04-06,1613877.409209136,1504539.0207838581,0.0007880260787153984,0.0007346381937421182,2.966512,0.0029665119999999997
2004-04-07,1331094.0565704836,1327145.828295583,0.0006499482698098065,0.0006480204239724525,2.7259562,0.0027259562000000004
2004-04-08,2681432.1657265737,2690920.459267744,0.0013092930496711786,0.0013139260055018281,2.7664435,0.0027664434999999997
2004-04-09,2156736.5004123366,2174854.3207525713,0.0010530939943419612,0.0010619405863049665,2.8950326,0.0028950326
2004-04-10,1187068.796730245,1180463.002705954,0.0005796234359034399,0.0005763979505400166,2.9860837,0.0029860837
2004-04-12,1880292.2890096875,1901675.068614781,0.0009181114692430115,0.000928552279597061,2.6121867,0.0026121867
2004-04-13,1779066.9546025053,1784208.2180519563,0.0008686850364270045,0.0008711954189706818,2.6898313,0.0026898313
2004-04-14,2352444.9209200693,2305216.9947394994,0.0011486547465430026,0.0011255942357126462,2.1624167,0.0021624167
2004-04-15,3472567.897667551,3305685.3196785897,0.001695589793782984,0.0016141041599993114,2.1404402,0.0021404402
2004-04-16,3394231.0544045726,3083584.058138109,0.0016573393820334826,0.0015056562783877484,2.0037513,0.0020037513
2004-04-17,3737919.604987373,3234676.903874194,0.0018251560571227409,0.001579432081969821,2.062932,0.002062932
2004-04-18,3550766.5137201915,2957709.103496594,0.0017337727117774373,0.0014441938981916962,2.1443002,0.0021443002
2004-04-19,3141695.986266671,2555451.5612849295,0.0015340312432942731,0.001247779082658657,2.3034167,0.0023034167
2004-04-21,3478848.3047365253,3072270.254808501,0.0016986563987971314,0.0015001319603557134,2.346287,0.002346287
2004-04-22,3477758.13952652,2900514.842062981,0.0016981240915656835,0.001416267012726065,2.2452052,0.0022452052
2004-04-23,2602526.713975183,2098178.7050151806,0.0012707649970581949,0.0010245013208081937,2.0971274,0.0020971274
2004-04-24,2558326.6014473992,2422134.7648851336,0.0012491829108629878,0.0011826829906665692,2.413262,0.0024132620000000002
2004-04-25,3061531.7796520996,2783994.2186804786,0.0014948885642832518,0.0013593721770900774,2.2563329,0.0022563328999999997
2004-04-26,2741785.313874529,2806221.19409259,0.0013387623602902974,0.0013702251924280224,2.354173,0.0023541729999999998
2004-04-27,3540719.4283420215,3692405.1310023307,0.0017288669083701277,0.0018029321928722318,2.6314144,0.0026314144
2004-04-28,4255906.917914549,4360149.115801709,0.0020780795497629635,0.002128979060450053,2.5424488,0.0025424488
2004-04-29,4025472.2822364145,4046725.94463015,0.0019655626378107492,0.0019759404026514406,2.5029175,0.0025029175
2004-04-30,2133777.909193307,2213806.9853098663,0.0010418837447232945,0.001080960442045833,3.2574062,0.0032574062
2004-05-01,2598706.5035352497,2781301.3516375436,0.0012688996599293212,0.0013580573006042693,2.6235802,0.0026235802
2004-05-02,3170684.862532712,3375723.1263362477,0.0015481859680335508,0.0016483023077813708,2.9184923,0.0029184923
2004-05-03,3176816.9010885884,3370065.557192871,0.0015511801274846622,0.0016455398228480815,3.168152,0.003168152
2004-05-04,4344144.932882829,4571923.675933277,0.0021211645180091937,0.0022323846073892956,3.1228688,0.0031228688
2004-05-05,4590276.501948959,4771343.227553612,0.002241345948217265,0.002329757435328912,3.0120566,0.0030120566
2004-05-06,4484055.59407408,4603235.707461429,0.002189480270543984,0.0022476736852839008,3.0352857,0.0030352857000000002
2004-05-07,4635528.473086657,4608307.146004941,0.002263441637249344,0.0022501499736352253,3.3258731,0.0033258731
2004-05-08,4966831.806920738,4781225.182837372,0.0024252108432230167,0.0023345826088073105,2.3521895,0.0023521895000000004
2004-05-09,4898810.076984462,4520872.42645735,0.0023919971079025696,0.002207457239481128,2.3619583,0.0023619583
2004-05-11,4782194.032340207,4061797.5536626643,0.002335055679853617,0.001983299586749348,2.218866,0.002218866
2004-05-12,4984340.037086898,4024987.90894188,0.002433759783733837,0.0019653261274130275,2.372873,0.0023728729999999997
2004-05-13,2634144.795450713,2185129.7108362876,0.0012862035134036684,0.001066957866619281,2.4244978,0.0024244978
2004-05-14,3142056.259786361,2941458.511523015,0.001534207158098809,0.0014362590388295971,2.0681932,0.0020681932
2004-05-15,3379117.8372849603,3102475.1452829633,0.001649959881486797,0.0015148804420326968,2.2791567,0.0022791567000000003
2004-05-16,4269946.493971802,3670814.524754881,0.002084934811509669,0.0017923899046654692,2.4890518,0.0024890517999999998
2004-05-17,5060443.404262887,4051252.787137893,0.002470919630987738,0.0019781507749696745,2.7580981,0.0027580981
2004-05-18,4885895.828993974,3643338.527164957,0.002385691322750964,0.0017789738902172642,3.0603445,0.0030603444999999997
2004-05-19,4959036.910959656,3378444.339149784,0.0024214047416795197,0.0016496310249754804,2.7390544,0.0027390544
2004-05-20,4953175.6023061965,3181706.052077216,0.0024185427745635727,0.0015535674082408281,2.5879467,0.0025879466999999996
2004-05-21,5189234.569779572,3080165.0295401216,0.0025338059422751816,0.0015039868308301375,2.769925,0.0027699250000000003
2004-05-22,5233624.485658518,2855595.1298826183,0.002555480705887948,0.0013943335595129971,2.9627795,0.0029627794999999998
2004-05-23,4469028.879399583,2243148.84688872,0.0021821430075193277,0.001095287522894883,2.8170364,0.0028170364
2004-05-24,4331360.938618708,1956295.6923349358,0.002114922333309916,0.0009552225060229178,1.6245202,0.0016245202
2004-05-25,4325456.494233771,1861171.7446257414,0.0021120393038250836,0.0009087752659305378,1.678883,0.001678883
2004-05-26,3884955.408653371,1491277.374404494,0.0018969508831315287,0.0007281627804709444,1.7083977,0.0017083977
2004-05-27,3318665.732441874,1134377.838975157,0.0016204422521688838,0.0005538954291870883,1.7287177,0.0017287177
2004-05-28,3594372.662936618,2029579.6574261608,0.0017550647768245205,0.0009910056921026175,1.9107097,0.0019107097
2004-05-29,4950447.102496978,1693897.7907316957,0.0024172104992661024,0.0008270985306307108,2.1228018,0.0021228018
2004-05-30,4202035.102082438,1044051.9703060491,0.0020517749521886904,0.0005097910011260005,1.9473519,0.0019473518999999998
2004-05-31,3509156.542236067,725819.2242800744,0.0017134553428887046,0.0003544039181055051,1.9057796,0.0019057796
2004-06-01,3645525.1524874493,637032.1846477453,0.0017800415783630124,0.0003110508714100319,2.724503,0.002724503
2004-06-02,3544910.280533113,589894.5270582548,0.001730913222916559,0.0002880344370401635,2.7467275,0.0027467275
2004-06-03,3919691.2668356793,3645687.3636910077,0.001913911751384609,0.0017801207830522498,3.1374505,0.0031374505
2004-06-04,4026272.204054537,3906378.525711406,0.0019659532246360046,0.0019074113895075225,2.7154303,0.0027154303
2004-06-05,4856942.792709862,4579485.725699688,0.0023715540980028624,0.0022360770145018007,2.6760337,0.0026760337
2004-06-06,4604517.741627663,3805243.596882108,0.0022482996785291327,0.0018580291000400919,2.7437165,0.0027437165
2004-06-07,4860656.690679454,3324270.9705170034,0.0023733675247458274,0.0016231791848227556,2.7180727,0.0027180727
2004-06-08,4379946.823487971,2642575.3826954896,0.0021386459099062356,0.001290320011081782,2.650821,0.0026508210000000003
2004-06-09,1305688.6152121036,1048680.4295550664,0.000637543269146535,0.0005120509909936848,3.5679672,0.0035679672
2004-06-10,5459845.671652749,5904411.702659231,0.002665940269361694,0.0028830135266890776,3.7159054,0.0037159054
2004-06-11,5671587.68771011,6122457.286091405,0.002769329925639702,0.0029894810967243187,3.6737168,0.0036737168
2004-06-12,5783785.345549458,5968373.114300794,0.002824113938256571,0.0029142446847171847,3.576164,0.0035761639999999997
2004-06-13,5351996.763735889,5083428.588910537,0.0026132796697929147,0.002482142865678973,3.3720956,0.0033720956
2004-06-15,4730257.889634924,3872714.4321654355,0.0023096962351733027,0.0018909738438307791,3.8276606,0.0038276606000000003
2004-06-16,4471361.6284027435,3451759.2825979427,0.002183282045118527,0.0016854293372060268,3.2620404,0.0032620404
2004-06-17,4318616.842808236,2932060.4825420883,0.002108699630277459,0.001431670157491254,4.0928206,0.0040928206
2004-06-18,4494923.11906644,2835467.319331281,0.00219478667923166,0.001384505527017227,4.1286407,0.0041286407
2004-06-19,3147324.117169135,3059367.980381361,0.0015367793540864915,0.0014938320216705866,4.1703653,0.0041703653
2004-06-20,4205127.0966142295,4545562.872711436,0.0020532847151436668,0.002219513121441131,4.0936117,0.0040936117
2004-06-21,3492742.0371103664,3719586.7542642546,0.0017054404478077962,0.001816204469855593,3.8595033,0.0038595033
2004-06-22,3979706.658929349,4331937.650094516,0.0019432161420553462,0.002115203930710213,4.511531,0.004511531
2004-06-23,4435727.2393775545,5015968.232911765,0.0021658824411023214,0.0024492032387264475,4.4874353,0.004487435299999999
2004-06-24,4245584.893492444,4765167.47539066,0.0020730394987756077,0.0023267419313430953,4.6036725,0.0046036725
2004-06-25,5225326.839901339,5514649.956383473,0.002551429121045576,0.0026927001740153678,4.560484,0.004560484
2004-06-26,4883961.137776724,4890745.966507747,0.0023847466493050412,0.0023880595539588607,4.418096,0.004418096
2004-06-27,4560387.478713026,4409827.294454803,0.0022267516985903448,0.002153235983620509,4.4933343,0.0044933342999999995
2004-06-28,4053403.331881539,3804475.0508518927,0.0019792008456452825,0.0018576538334237756,4.5277996,0.0045277996
2004-06-30,3213715.944679827,3445709.9202260957,0.0015691972386131967,0.0016824755469853983,4.1544323,0.0041544323
2004-07-01,3269383.1996694272,3469720.788149745,0.0015963785154635875,0.0016941996035887428,4.1662416,0.0041662416
2004-07-02,5085608.087188714,5514654.0618335735,0.0024832070738226146,0.0026927021786296744,4.611476,0.004611476
2004-07-03,5527479.939172252,6069092.969857467,0.0026989648140489514,0.0029634243016882166,5.7915764,0.005791576400000001
2004-07-04,6190069.826631699,6796401.318231877,0.003022495032535009,0.0033185553311679086,5.6304193,0.0056304193
2004-07-05,6347485.4851674745,6842027.426904526,0.003099358147054431,0.0033408337045432255,6.0376964,0.0060376964
2004-07-06,5404226.443555677,5719599.342696417,0.0026387824431424204,0.002792773116550985,5.5092063,0.0055092063
2004-07-07,5764664.5367862275,6198516.40381088,0.0028147776058526502,0.0030266193377982815,6.3311505,0.0063311504999999995
2004-07-08,6588993.056061549,7159698.138420708,0.0032172817656550535,0.003495946356650736,6.2588615,0.0062588615
2004-07-09,6483176.323206493,6942683.644934034,0.0031656134390656704,0.0033899822485029462,6.1316414,0.0061316414
2004-07-10,6020741.732804933,6305076.5234193085,0.0029398152992211584,0.003078650646200834,6.0834146,0.0060834146
2004-07-12,5693486.34609419,5482238.419799705,0.0027800226299288036,0.0026768742284178247,4.341485,0.004341485
2004-07-13,5138018.508059201,4715239.459321469,0.0025087980996382816,0.002302363017246811,3.9072819,0.0039072819
2004-07-14,4507194.620598127,3909629.448219048,0.002200778623338929,0.001908998754013207,4.0978856,0.0040978856
2004-07-15,4297870.052644056,3516357.353220449,0.0020985693616426054,0.0017169713638771722,4.1955137,0.0041955137
2004-07-16,4099131.267860203,3206954.091415311,0.002001528939384865,0.0015658955524488825,4.1701336,0.0041701336
2004-07-17,5022227.303739272,3837201.0776011036,0.0024522594256539414,0.0018736333386724139,4.0290494,0.0040290494
2004-07-18,4257618.8069506455,3112127.457444377,0.00207891543308137,0.001519593485080262,4.283754,0.004283754
2004-07-20,4377507.068241735,2617089.335698592,0.00213745462316491,0.0012778756521965781,4.767879,0.004767879
2004-07-21,4520189.821593748,2429715.299131568,0.0022071239363250727,0.001186384423404086,4.8449855,0.0048449855
2004-07-22,4517770.802952952,2253519.933188641,0.002205942774879371,0.001100351529877266,4.458273,0.0044582730000000004
2004-07-23,4051268.8331493423,1913460.4040274387,0.0019781586099362025,0.0009343068379040228,4.639417,0.004639417
2004-07-24,3760672.37479212,3476509.2417457267,0.0018362658080039649,0.0016975142781961556,4.828366,0.004828366
2004-07-25,2434188.951998937,2014365.4170941184,0.0011885688242182309,0.0009835768638154876,5.1164436,0.0051164436
2004-07-26,3983610.116441496,3411527.388406944,0.0019451221271686993,0.001665784857620578,4.371028,0.004371028
2004-07-27,3972924.408653721,2879916.8468396044,0.00193990449641295,0.0014062093978709006,4.3162165,0.0043162165
2004-07-28,1199274.7401835893,1064137.720889601,0.0005855833692302682,0.0005195984965281255,4.1194944,0.0041194944
2004-07-29,1972461.2805695198,2128216.0686149164,0.0009631158596530859,0.0010391680022533772,4.0165806,0.0040165806
2004-07-30,4535348.851803417,4988846.491697249,0.0022145258065446372,0.0024359602010240473,4.1382256,0.0041382256
2004-07-31,4845227.561884373,5340430.04605304,0.002365833770451354,0.002607631858424336,4.3132973,0.0043132973
2004-08-01,4687715.935181593,4998919.803484551,0.002288923796475387,0.002440878810295191,4.552323,0.0045523230000000005
2004-08-02,4594248.50388141,4586891.692632067,0.0022432854022858446,0.0022396932092930014,4.529241,0.004529241
2004-08-03,4992768.257408506,4665538.845062923,0.002437875125687747,0.00227809513919088,4.557667,0.0045576670000000005
2004-08-04,3966987.9004532536,4119150.7453632937,0.0019370058107681903,0.002011304074884421,4.539218,0.004539218
2004-08-05,5343441.483976092,5481631.0833438635,0.0026091022870977014,0.002676577677413996,4.7668686,0.0047668686
2004-08-06,4934844.860297603,4830116.780021989,0.002409592216942189,0.0023584554589951116,4.642823,0.004642823
2004-08-07,3575894.7628217414,3331880.8936329596,0.0017460423646590533,0.0016268949675942185,4.3494086,0.0043494086
2004-08-08,3634030.521581371,3410239.6196106356,0.0017744289656159036,0.0016651560642630056,4.3445745,0.0043445745
2004-08-09,4112674.1873003035,3837933.69203468,0.0020081416930177263,0.0018739910605638085,4.1823344,0.0041823344
2004-08-10,4053862.8295921893,3585765.3976122923,0.001979425209761811,0.001750862010552877,3.8401608,0.0038401608
2004-08-11,4374835.16790543,4610800.0351549685,0.0021361499843288233,0.0022513672046655117,3.94406,0.00394406
2004-08-12,4575551.4745903835,5012503.539105472,0.002234155993452336,0.0024475114937038437,4.593474,0.004593473999999999
2004-08-13,4532506.9352178555,4886861.178607299,0.0022131381519618436,0.0023861626848668454,4.709231,0.004709231
2004-08-14,4468699.772705963,4852631.163656449,0.0021819823108915836,0.0023694488103791255,4.8957343,0.0048957343
2004-08-15,3553279.753709183,3810173.0413611336,0.001734999879740812,0.001860436055352116,5.026813,0.005026813
2004-08-16,5171567.140756378,5576774.1360660605,0.00252517926794745,0.002723034246126006,5.049246,0.005049246
2004-08-17,4673177.930948528,5034512.861306585,0.0022818251615959614,0.002458258233059856,5.121388,0.005121387999999999
2004-08-18,5050962.517855717,5283290.394359329,0.0024662902919217367,0.002579731637870766,5.170986,0.005170986
2004-08-19,3661280.0492595974,3723463.470095729,0.0017877343990525378,0.0018180973975076803,5.143211,0.005143211
2004-08-20,2919357.407417978,3023069.3032734133,0.0014254674840908097,0.0014761080582389714,3.7124794,0.0037124794
2004-08-21,4023544.1542819394,4232362.5377669735,0.0019646211690829782,0.00206658327039403,3.5695975,0.0035695975
2004-08-22,5140919.447582516,5126431.160366291,0.0025102145740149005,0.002503140215022603,3.7593393,0.0037593393
2004-08-23,5602964.306093266,5303573.611395935,0.0027358224150846027,0.0025896355524394213,3.672922,0.003672922
2004-08-24,5474271.891373054,4887825.328499032,0.002672984321959499,0.002386633461181168,3.8440163,0.0038440162999999997
2004-08-25,4960407.339773229,4145621.2797329607,0.002422073896373647,0.0020242291404946097,3.4992113,0.0034992113
2004-08-26,5596159.066125792,4418490.739085875,0.0027324995440067344,0.002157466181194275,3.4647691,0.0034647691
2004-08-27,5312316.110133544,3936836.7715420984,0.002593904350651144,0.0019222835798545401,3.330922,0.003330922
2004-08-28,4554282.759711587,4687718.449685692,0.002223770878765423,0.0022889250242605916,3.890581,0.003890581
2004-08-29,4584664.442926413,4966063.576827405,0.0022386056850226626,0.002424835730872756,3.7137287,0.0037137286999999997
2004-08-30,3956552.4301397842,4248467.367602108,0.0019319103662791914,0.0020744469568369666,4.217453,0.0042174529999999995
2004-08-31,3937273.8167519043,4145607.371499956,0.0019224969808358907,0.002024222349365213,4.092194,0.004092194
2004-09-01,3710419.3616530597,3680159.0908336863,0.0018117282039321581,0.0017969526810711358,4.194628,0.004194628
2004-09-02,4094057.095446212,3700772.941365615,0.0019990513161358458,0.0018070180377761792,4.1781383,0.004178138299999999
2004-09-03,4453027.518388664,3733494.4189314204,0.002174329842963215,0.0018229953217438577,4.0154595,0.0040154595000000005
2004-09-04,4605395.165174871,3663241.249405967,0.0022487281079955424,0.0017886920163115074,4.33333,0.00433333
2004-09-05,4564258.042690911,3530859.0965266395,0.0022286416224076714,0.0017240522932258982,2.2271547,0.0022271546999999997
2004-09-06,3584186.3487953753,3312191.625876404,0.0017500909906227418,0.0016172810673224629,2.1862633,0.0021862632999999996
2004-09-07,3615529.4099781043,3173414.102528102,0.0017653952197158713,0.00154951860475005,2.1706758,0.0021706758000000002
2004-09-08,3181866.429102898,2631603.9639625833,0.0015536457173353994,0.001284962873028605,2.0854385,0.0020854385
2004-09-09,2858011.1376845185,2196907.872000947,0.0013955132508225187,0.0010727089218754624,2.0795023,0.0020795023
2004-09-10,3001824.189896595,2120878.254157276,0.001465734467722947,0.0010355850850377324,1.8774533,0.0018774533
2004-09-11,3350060.4191596974,2246197.418619741,0.001635771689042821,0.0010967760833104205,1.9333718,0.0019333718
2004-09-12,3566073.62237853,2244129.5614359183,0.0017412468859270165,0.001095766387419882,1.9969825,0.0019969825
2004-09-13,3729274.2983833216,2227816.9224177115,0.0018209347160074814,0.0010878012316492731,0.8692426,0.0008692426
2004-09-14,4467118.930893048,2571961.0243266597,0.002181210415475121,0.0012558403439095018,0.9073694,0.0009073694
2004-09-16,3441950.368501873,1793673.7754749141,0.0016806398283700553,0.0008758172731811104,1.0461185,0.0010461185
2004-09-17,3345208.1270654527,1536657.1264857862,0.0016334024057936781,0.0007503208625418878,1.0734653,0.0010734653000000001
2004-09-18,3538966.2605176633,1445700.7506334207,0.0017280108693933903,0.000705908569645225,0.95055157,0.00095055157
2004-09-19,3814492.965211966,1387689.2347112224,0.0018625453931699052,0.0006775826341363391,0.9402829,0.0009402829000000001
2004-09-20,3403566.9997358876,991132.8515339743,0.0016618979490897888,0.00048395158766307336,1.0817553,0.0010817552999999999
2004-09-21,3913890.7523342776,1046187.0296603694,0.0019110794689132214,0.0005108335105763523,1.5805308,0.0015805308
2004-09-22,3536696.580415609,848477.5707919865,0.001726902627156059,0.00041429568886327465,1.5629091,0.0015629091
2004-09-23,3016791.7430864684,2495086.7067591595,0.0014730428433039396,0.0012183040560347458,1.4837879,0.0014837879
2004-09-24,3030754.479898717,2656450.79619233,0.0014798605858880453,0.001297095115328286,1.3382673,0.0013382673
2004-09-25,3070055.8456930397,2319385.315099054,0.0014990507059048045,0.00113251236088821,1.3937398,0.0013937398
2004-09-26,2834568.26037243,1759639.027516174,0.0013840665333849757,0.0008591987439043818,1.3592409,0.0013592409000000001
2004-09-27,2549832.646946347,1192383.996864845,0.001245035472141771,0.0005822187484691626,1.3379718,0.0013379718000000001
2004-09-28,2419253.023907325,844144.8418501244,0.0011812758905797487,0.00041218009855963105,1.3110231,0.0013110231000000002
2004-09-29,2454331.1095672636,826488.8200842344,0.0011984038620933904,0.00040355899418175503,0.5951702,0.0005951702
