time,spatial_ref,ET_m3_day
2019-01-01,0,0.0
2019-01-02,0,0.0
2019-01-03,0,0.0
2019-01-04,0,0.0
2019-01-05,0,0.0
2019-01-06,0,0.0
2019-01-07,0,0.0
2019-01-08,0,0.0
2019-01-09,0,0.0
2019-01-10,0,0.0
2019-01-11,0,0.0
2019-01-12,0,0.0
2019-01-13,0,0.0
2019-01-14,0,0.0
2019-01-15,0,0.0
2019-01-16,0,0.0
2019-01-17,0,0.0
2019-01-18,0,0.0
2019-01-19,0,0.0
2019-01-20,0,0.0
2019-01-21,0,0.0
2019-01-22,0,0.0
2019-01-23,0,0.0
2019-01-24,0,0.0
2019-01-25,0,0.0
2019-01-26,0,0.0
2019-01-27,0,0.0
2019-01-28,0,0.0
2019-01-29,0,0.0
2019-01-30,0,0.0
2019-01-31,0,0.0
2019-02-01,0,0.0
2019-02-02,0,0.0
2019-02-03,0,0.0
2019-02-04,0,0.0
2019-02-05,0,0.0
2019-02-06,0,0.0
2019-02-07,0,0.0
2019-02-08,0,0.0
2019-02-09,0,0.0
2019-02-10,0,1514.0
2019-02-11,0,1582.0
2019-02-12,0,1444.0
2019-02-13,0,1666.0001
2019-02-14,0,1666.0001
2019-02-15,0,1666.0001
2019-02-17,0,1666.0001
2019-02-18,0,35831.0
2019-02-19,0,34111.0
2019-02-20,0,34756.004
2019-02-21,0,30161.0
2019-02-22,0,30997.002
2019-02-23,0,29758.002
2019-02-24,0,29836.002
2019-02-25,0,28325.0
2019-02-26,0,487735.03
2019-02-27,0,451610.06
2019-02-28,0,547774.06
2019-03-01,0,569385.0
2019-03-02,0,574180.06
2019-03-03,0,685845.0
2019-03-04,0,654248.06
2019-03-05,0,680408.06
2019-03-06,0,1001085.06
2019-03-07,0,1191173.1
2019-03-08,0,1424790.0
2019-03-09,0,1299035.1
2019-03-10,0,1334376.1
2019-03-11,0,1568068.1
2019-03-12,0,1489222.0
2019-03-13,0,1272578.0
2019-03-14,0,601764.0
2019-03-15,0,683341.0
2019-03-16,0,639154.06
2019-03-17,0,601796.0
2019-03-18,0,662812.0
2019-03-19,0,639547.94
2019-03-20,0,641832.06
2019-03-21,0,608195.06
2019-03-22,0,1126620.1
2019-03-23,0,1074429.0
2019-03-24,0,1278229.0
2019-03-25,0,1228029.0
2019-03-26,0,1126812.9
2019-03-27,0,1446379.1
2019-03-28,0,1464241.1
2019-03-29,0,1309425.0
2019-03-30,0,271287.0
2019-03-31,0,283465.03
2019-04-01,0,236809.02
2019-04-02,0,275881.03
2019-04-03,0,305974.0
2019-04-04,0,279782.03
2019-04-05,0,238182.02
2019-04-06,0,291851.0
2019-04-07,0,850379.1
2019-04-09,0,915635.06
2019-04-10,0,1052873.0
2019-04-11,0,995746.06
2019-04-12,0,913350.1
2019-04-13,0,965451.06
2019-04-14,0,1139290.1
2019-04-15,0,3097833.8
2019-04-16,0,2815891.0
2019-04-17,0,2494940.0
2019-04-18,0,3068803.2
2019-04-19,0,3207077.2
2019-04-20,0,3363817.5
2019-04-21,0,3340957.0
2019-04-22,0,2974129.2
2019-04-23,0,969664.06
2019-04-24,0,1383182.0
2019-04-25,0,1494657.1
2019-04-26,0,1480937.0
2019-04-27,0,1346905.0
2019-04-28,0,1620887.0
2019-04-29,0,1716803.1
2019-04-30,0,1588922.1
2019-05-01,0,1517397.0
2019-05-02,0,1380122.1
2019-05-03,0,1365982.0
2019-05-04,0,1436712.0
2019-05-05,0,1520991.1
2019-05-06,0,1478238.0
2019-05-07,0,1707279.1
2019-05-08,0,1668138.0
2019-05-09,0,2682850.0
2019-05-10,0,3351763.2
2019-05-11,0,3036068.2
2019-05-12,0,3088273.0
2019-05-13,0,2935309.2
2019-05-14,0,3024558.0
2019-05-15,0,2970905.2
2019-05-16,0,2360616.2
2019-05-17,0,2465208.0
2019-05-18,0,2573429.0
2019-05-19,0,2893697.2
2019-05-20,0,3003617.2
2019-05-21,0,3046186.0
2019-05-22,0,2761117.0
2019-05-23,0,2014101.0
2019-05-24,0,2571243.0
2019-05-25,0,3790580.0
2019-05-26,0,3713681.2
2019-05-27,0,3571281.2
2019-05-28,0,4213041.0
2019-05-29,0,3725739.2
2019-05-30,0,3972854.0
2019-05-31,0,3737263.2
2019-06-01,0,3920012.2
2019-06-02,0,4726738.5
2019-06-03,0,4291056.0
2019-06-04,0,4438140.5
2019-06-05,0,4115267.2
2019-06-06,0,4663828.0
2019-06-07,0,3948042.8
2019-06-08,0,5205568.5
2019-06-09,0,4748216.0
2019-06-10,0,4229643.0
2019-06-11,0,3371625.0
2019-06-12,0,3635323.2
2019-06-13,0,3460940.0
2019-06-14,0,3120772.0
2019-06-15,0,4010314.0
2019-06-16,0,3700532.2
2019-06-17,0,3907775.5
2019-06-18,0,4950460.0
2019-06-19,0,5173850.5
2019-06-20,0,5269969.5
2019-06-21,0,5295061.0
2019-06-22,0,5073520.5
2019-06-23,0,5316744.5
2019-06-24,0,6094867.0
2019-06-25,0,6137630.5
2019-06-26,0,5910106.5
2019-06-27,0,5698120.0
2019-06-28,0,5651079.0
2019-06-29,0,5585584.5
2019-06-30,0,6120484.5
2019-07-01,0,5510941.5
2019-07-02,0,5954730.5
2019-07-03,0,5878454.0
2019-07-04,0,6126330.5
2019-07-05,0,6314445.5
2019-07-06,0,5589926.0
2019-07-07,0,5510899.0
2019-07-08,0,5516155.0
2019-07-09,0,5459203.0
2019-07-10,0,5769441.5
2019-07-11,0,6015335.0
2019-07-12,0,6005662.0
2019-07-13,0,5616772.5
2019-07-14,0,5555654.5
2019-07-15,0,5576006.0
2019-07-16,0,5623730.5
2019-07-17,0,5910863.5
2019-07-18,0,5716890.5
2019-07-19,0,5787788.0
2019-07-20,0,5653506.0
2019-07-21,0,5363617.5
2019-07-22,0,6119499.5
2019-07-23,0,5544900.5
2019-07-24,0,5009326.0
2019-07-25,0,5626189.0
2019-07-26,0,5718185.5
2019-07-27,0,5298119.0
2019-07-28,0,4453041.0
2019-07-29,0,4758334.0
2019-07-30,0,4776576.0
2019-07-31,0,5082859.5
2019-08-01,0,5040125.0
2019-08-02,0,4668294.5
2019-08-03,0,4967261.5
2019-08-05,0,5963279.5
2019-08-06,0,5642847.5
2019-08-07,0,5633984.5
2019-08-08,0,5693512.5
2019-08-09,0,5758288.0
2019-08-10,0,5873349.0
2019-08-11,0,5638647.5
2019-08-12,0,5457005.5
2019-08-13,0,4517915.0
2019-08-14,0,4852845.5
2019-08-15,0,4878825.0
2019-08-17,0,5110956.0
2019-08-18,0,4862827.5
2019-08-19,0,4879609.5
2019-08-20,0,4823024.5
2019-08-21,0,4736751.5
2019-08-22,0,4715296.5
2019-08-23,0,4781046.5
2019-08-24,0,5147478.5
2019-08-25,0,5030020.0
2019-08-26,0,5244054.5
2019-08-28,0,4942750.5
2019-08-29,0,3494907.0
2019-08-30,0,3512401.2
2019-08-31,0,3019299.0
2019-09-01,0,3454473.2
2019-09-02,0,3345684.2
2019-09-03,0,3462923.0
2019-09-04,0,3597511.2
2019-09-05,0,3398846.2
2019-09-06,0,2413849.0
2019-09-07,0,2459516.0
2019-09-08,0,2499157.2
2019-09-09,0,2464261.2
2019-09-10,0,2056295.1
2019-09-11,0,2031064.2
2019-09-12,0,2209534.2
2019-09-13,0,1747295.1
2019-09-14,0,3086406.2
2019-09-15,0,2939084.2
2019-09-16,0,2740936.0
2019-09-17,0,2809957.0
2019-09-19,0,2857004.2
2019-09-20,0,2780928.2
2019-09-21,0,3032859.0
2019-09-22,0,907433.0
2019-09-23,0,959708.06
2019-09-24,0,971427.0
2019-09-25,0,881823.06
2019-09-26,0,880944.0
2019-09-27,0,758823.0
2019-09-28,0,946746.1
2019-09-29,0,779213.0
2019-09-30,0,603528.06
2019-10-01,0,596223.0
2019-10-02,0,727294.0
2019-10-03,0,641266.0
2019-10-04,0,667447.0
2019-10-05,0,678570.06
2019-10-06,0,732547.0
2019-10-07,0,716879.0
2019-10-08,0,2381829.0
2019-10-09,0,2441332.0
2019-10-10,0,2183458.0
2019-10-11,0,2293589.0
2019-10-12,0,2039285.1
2019-10-13,0,2088425.4
2019-10-14,0,2011215.0
2019-10-15,0,1915316.1
2019-10-16,0,610100.0
2019-10-17,0,563097.06
2019-10-18,0,564201.06
2019-10-19,0,532041.0
2019-10-20,0,556582.06
2019-10-21,0,534141.0
2019-10-22,0,531933.06
2019-10-23,0,422116.03
2019-10-24,0,200058.0
2019-10-25,0,198480.0
2019-10-26,0,200356.02
2019-10-27,0,211229.0
2019-10-28,0,214126.0
2019-10-29,0,198967.02
2019-10-30,0,213392.02
2019-10-31,0,217463.02
2019-11-01,0,0.0
2019-11-02,0,0.0
2019-11-03,0,0.0
2019-11-04,0,0.0
2019-11-05,0,0.0
2019-11-06,0,0.0
2019-11-07,0,0.0
2019-11-08,0,0.0
2019-11-09,0,0.0
2019-11-10,0,0.0
2019-11-11,0,0.0
2019-11-12,0,0.0
2019-11-13,0,0.0
2019-11-14,0,0.0
2019-11-15,0,0.0
2019-11-16,0,0.0
2019-11-17,0,0.0
2019-11-18,0,0.0
2019-11-19,0,0.0
2019-11-20,0,0.0
2019-11-21,0,0.0
2019-11-22,0,0.0
2019-11-23,0,0.0
2019-11-24,0,0.0
2019-11-25,0,0.0
2019-11-26,0,0.0
2019-11-27,0,0.0
2019-11-28,0,0.0
2019-11-29,0,0.0
2019-11-30,0,0.0
2019-12-01,0,0.0
2019-12-02,0,0.0
2019-12-03,0,0.0
2019-12-04,0,0.0
2019-12-05,0,0.0
2019-12-06,0,0.0
2019-12-07,0,0.0
2019-12-08,0,0.0
2019-12-09,0,0.0
2019-12-10,0,0.0
2019-12-11,0,0.0
2019-12-12,0,0.0
2019-12-13,0,0.0
2019-12-14,0,0.0
2019-12-15,0,0.0
2019-12-16,0,0.0
2019-12-17,0,0.0
2019-12-18,0,0.0
2019-12-19,0,0.0
2019-12-20,0,0.0
2019-12-21,0,0.0
2019-12-22,0,0.0
2019-12-23,0,0.0
2019-12-24,0,0.0
2019-12-25,0,0.0
2019-12-26,0,0.0
2019-12-27,0,0.0
2019-12-28,0,0.0
2019-12-29,0,0.0
2019-12-30,0,0.0
2019-12-31,0,0.0
2020-01-01,0,0.0
2020-01-02,0,0.0
2020-01-03,0,0.0
2020-01-04,0,0.0
2020-01-05,0,0.0
2020-01-06,0,0.0
2020-01-07,0,0.0
2020-01-08,0,0.0
2020-01-09,0,0.0
2020-01-10,0,0.0
2020-01-11,0,0.0
2020-01-12,0,0.0
2020-01-13,0,0.0
2020-01-14,0,0.0
2020-01-15,0,0.0
2020-01-16,0,0.0
2020-01-17,0,2026.0
2020-01-18,0,2026.0
2020-01-19,0,1773.0
2020-01-20,0,2026.0
2020-01-21,0,1773.0
2020-01-22,0,1773.0
2020-01-23,0,1773.0
2020-01-24,0,1773.0
2020-01-25,0,0.0
2020-01-26,0,0.0
2020-01-27,0,0.0
2020-01-28,0,0.0
2020-01-29,0,0.0
2020-01-30,0,0.0
2020-01-31,0,0.0
2020-02-01,0,0.0
2020-02-02,0,0.0
2020-02-03,0,0.0
2020-02-04,0,0.0
2020-02-05,0,0.0
2020-02-06,0,0.0
2020-02-07,0,0.0
2020-02-08,0,0.0
2020-02-09,0,0.0
2020-02-10,0,0.0
2020-02-11,0,0.0
2020-02-12,0,0.0
2020-02-13,0,0.0
2020-02-14,0,0.0
2020-02-15,0,0.0
2020-02-16,0,0.0
2020-02-17,0,0.0
2020-02-18,0,68405.0
2020-02-19,0,62884.004
2020-02-20,0,63832.0
2020-02-21,0,55490.004
2020-02-22,0,58165.004
2020-02-23,0,54804.0
2020-02-24,0,54589.0
2020-02-25,0,52635.004
2020-02-26,0,155472.02
2020-02-27,0,146778.02
2020-02-28,0,177205.0
2020-02-29,0,185433.02
2020-03-01,0,188155.0
2020-03-02,0,221513.02
2020-03-04,0,219513.0
2020-03-05,0,17891.002
2020-03-06,0,21886.002
2020-03-07,0,24934.002
2020-03-08,0,23355.0
2020-03-09,0,24394.002
2020-03-10,0,27821.0
2020-03-11,0,27332.002
2020-03-12,0,23063.0
2020-03-13,0,41640.004
2020-03-14,0,46866.004
2020-03-15,0,44639.004
2020-03-16,0,41434.0
2020-03-17,0,45621.004
2020-03-18,0,44030.004
2020-03-19,0,44254.004
2020-03-20,0,42531.004
2020-03-21,0,290702.0
2020-03-22,0,274240.03
2020-03-23,0,329539.0
2020-03-24,0,316093.97
2020-03-25,0,289949.03
2020-03-26,0,372250.0
2020-03-27,0,377980.03
2020-03-28,0,339373.03
2020-03-29,0,1779298.1
2020-03-30,0,1889054.1
2020-03-31,0,1564329.1
2020-04-01,0,1809505.1
2020-04-02,0,2011524.2
2020-04-03,0,1856167.1
2020-04-04,0,1583363.0
2020-04-05,0,1926385.0
2020-04-06,0,737133.06
2020-04-07,0,691530.06
2020-04-08,0,796521.0
2020-04-09,0,911519.06
2020-04-10,0,862089.06
2020-04-11,0,791283.06
2020-04-12,0,839337.06
2020-04-13,0,987520.06
2020-04-14,0,2644890.0
2020-04-15,0,2405504.2
2020-04-16,0,2131128.8
2020-04-17,0,2622266.0
2020-04-18,0,2734451.0
2020-04-19,0,2870383.2
2020-04-20,0,2851293.2
2020-04-21,0,2530369.0
2020-04-22,0,1683456.1
2020-04-23,0,2407088.0
2020-04-24,0,2602228.0
2020-04-25,0,2578564.0
2020-04-26,0,2345865.2
2020-04-27,0,2824548.0
2020-04-28,0,2989246.2
2020-04-29,0,2765890.0
2020-04-30,0,1985363.1
2020-05-01,0,1805129.1
2020-05-03,0,1878136.0
2020-05-04,0,1988967.0
2020-05-05,0,1932178.0
2020-05-06,0,2234013.0
2020-05-07,0,2183466.0
2020-05-08,0,2080791.0
2020-05-09,0,2598379.2
2020-05-10,0,2355354.2
2020-05-11,0,2397229.0
2020-05-12,0,2277718.0
2020-05-13,0,2344571.0
2020-05-14,0,2307200.2
2020-05-15,0,1833726.0
2020-05-16,0,3008480.2
2020-05-17,0,3137614.0
2020-05-18,0,3533143.2
2020-05-19,0,3664792.0
2020-05-20,0,3718880.5
2020-05-21,0,3370500.0
2020-05-22,0,2454090.0
2020-05-23,0,3138946.2
2020-05-24,0,3761457.0
2020-05-25,0,3686953.0
2020-05-26,0,3544381.5
2020-05-27,0,4177755.2
2020-05-28,0,3697772.0
2020-05-29,0,3941325.2
2020-05-30,0,3709046.2
2020-05-31,0,3888151.2
2020-06-01,0,4270467.0
2020-06-02,0,3878724.2
2020-06-03,0,4011533.2
2020-06-04,0,3720671.2
2020-06-05,0,4215416.0
2020-06-06,0,3566401.5
2020-06-07,0,4704859.5
2020-06-08,0,4294543.0
2020-06-09,0,4707773.0
2020-06-10,0,3752354.2
2020-06-11,0,4045199.0
2020-06-12,0,3850164.2
2020-06-13,0,3468551.2
2020-06-15,0,4121198.2
2020-06-16,0,4349209.0
2020-06-17,0,4495630.5
2020-06-18,0,4697120.0
2020-06-19,0,4783215.5
2020-06-20,0,4808804.0
2020-06-21,0,4605607.5
2020-06-22,0,4826325.5
2020-06-23,0,5533882.5
2020-06-24,0,5572439.5
2020-06-25,0,5434906.5
2020-06-26,0,5234237.0
2020-06-27,0,5191398.5
2020-06-28,0,5127697.5
2020-06-29,0,5621928.5
2020-06-30,0,5060379.0
2020-07-01,0,5469731.5
2020-07-02,0,5398062.5
2020-07-03,0,6071640.5
2020-07-04,0,6258045.0
2020-07-05,0,5539256.0
2020-07-06,0,5461769.0
2020-07-07,0,5466801.0
2020-07-08,0,5409768.0
2020-07-09,0,5718085.5
2020-07-10,0,5961830.0
2020-07-11,0,5950794.5
2020-07-12,0,5565325.5
2020-07-13,0,5505924.5
2020-07-14,0,5525175.0
2020-07-15,0,5573041.0
2020-07-16,0,5857108.0
2020-07-17,0,5664713.5
2020-07-18,0,5735205.5
2020-07-19,0,4886024.5
2020-07-20,0,4635845.5
2020-07-21,0,5289528.5
2020-07-22,0,4792122.0
2020-07-23,0,4329619.0
2020-07-24,0,4862756.5
2020-07-25,0,4942554.0
2020-07-26,0,4578733.5
2020-07-27,0,4207817.5
2020-07-28,0,4493985.0
2020-07-29,0,4510388.5
2020-07-30,0,4800511.5
2020-07-31,0,4760008.0
2020-08-01,0,4407286.0
2020-08-02,0,4691451.0
2020-08-03,0,4375310.0
2020-08-04,0,5235573.5
2020-08-05,0,4954026.0
2020-08-06,0,4947111.5
2020-08-07,0,4999511.0
2020-08-08,0,5055498.0
2020-08-09,0,5157332.0
2020-08-10,0,4952263.5
2020-08-11,0,4791487.0
2020-08-12,0,4655916.5
2020-08-13,0,4999346.5
2020-08-14,0,5025699.0
2020-08-15,0,5064884.0
2020-08-16,0,5265020.5
2020-08-17,0,5010876.0
2020-08-18,0,5027361.5
2020-08-19,0,4970394.5
2020-08-20,0,3257741.2
2020-08-21,0,3246381.2
2020-08-22,0,3294695.5
2020-08-23,0,3545346.2
2020-08-24,0,3463171.2
2020-08-25,0,3610717.2
2020-08-26,0,3503485.5
2020-08-27,0,3405895.0
2020-08-28,0,3568641.2
2020-08-29,0,3585885.2
2020-08-30,0,3082806.0
2020-08-31,0,3527134.2
2020-09-01,0,3415990.2
2020-09-02,0,3535814.5
2020-09-03,0,3673666.0
2020-09-04,0,3469450.2
2020-09-05,0,2904930.0
2020-09-06,0,2960977.0
2020-09-07,0,3009134.2
2020-09-08,0,2965956.0
2020-09-09,0,2481530.2
2020-09-10,0,2445097.2
2020-09-11,0,2661631.0
2020-09-12,0,2103546.2
2020-09-13,0,2161000.0
2020-09-14,0,2055327.1
2020-09-15,0,1918174.0
2020-09-16,0,1968910.0
2020-09-17,0,2132035.2
2020-09-18,0,2000255.1
2020-09-19,0,1947227.0
2020-09-20,0,2123533.2
2020-09-21,0,2321369.2
2020-09-22,0,2460855.0
2020-09-23,0,2488272.0
2020-09-24,0,2259428.0
2020-09-25,0,2250272.0
2020-09-26,0,1939139.1
2020-09-27,0,2419847.0
2020-09-28,0,1992284.0
2020-09-29,0,20840.998
2020-09-30,0,20163.002
2020-10-01,0,25544.002
2020-10-02,0,22396.0
2020-10-03,0,23132.0
2020-10-04,0,23470.002
2020-10-05,0,24815.002
2020-10-06,0,24569.002
2020-10-07,0,691719.0
2020-10-08,0,708895.0
2020-10-09,0,636646.0
2020-10-10,0,666047.06
2020-10-11,0,591862.0
2020-10-12,0,606026.06
2020-10-13,0,583725.06
2020-10-14,0,556779.0
2020-10-15,0,1544.0001
2020-10-16,0,1470.0
2020-10-17,0,1396.0001
2020-10-18,0,1323.0001
2020-10-19,0,1470.0
2020-10-20,0,1323.0001
2020-10-21,0,1323.0001
2020-10-22,0,1102.0001
2020-10-23,0,1147.0
2020-10-25,0,1138.0
2020-10-26,0,1156.0
2020-10-27,0,1219.0001
2020-10-28,0,1075.0
2020-10-29,0,1219.0001
2020-10-30,0,1147.0
2020-10-31,0,0.0
2020-11-01,0,0.0
2020-11-02,0,0.0
2020-11-03,0,0.0
2020-11-04,0,0.0
2020-11-05,0,0.0
2020-11-06,0,0.0
2020-11-07,0,0.0
2020-11-08,0,0.0
2020-11-09,0,0.0
2020-11-10,0,0.0
2020-11-11,0,0.0
2020-11-12,0,0.0
2020-11-13,0,0.0
2020-11-14,0,0.0
2020-11-15,0,0.0
2020-11-16,0,9611.0
2020-11-17,0,8511.0
2020-11-18,0,9917.0
2020-11-19,0,11691.001
2020-11-20,0,8693.001
2020-11-21,0,7906.0
2020-11-22,0,8693.001
2020-11-23,0,8511.0
2020-11-24,0,0.0
2020-11-25,0,0.0
2020-11-26,0,0.0
2020-11-27,0,0.0
2020-11-28,0,0.0
2020-11-29,0,0.0
2020-11-30,0,0.0
2020-12-01,0,0.0
2020-12-02,0,0.0
2020-12-03,0,0.0
2020-12-04,0,0.0
2020-12-05,0,0.0
2020-12-06,0,0.0
2020-12-07,0,0.0
2020-12-08,0,0.0
2020-12-09,0,0.0
2020-12-10,0,0.0
2020-12-11,0,0.0
2020-12-12,0,0.0
2020-12-13,0,0.0
2020-12-14,0,0.0
2020-12-15,0,0.0
2020-12-16,0,0.0
2020-12-17,0,0.0
2020-12-18,0,115.0
2020-12-19,0,134.0
2020-12-20,0,172.0
2020-12-21,0,153.00002
2020-12-22,0,115.0
2020-12-23,0,153.00002
2020-12-24,0,172.0
2020-12-25,0,134.0
2020-12-26,0,0.0
2020-12-27,0,0.0
2020-12-28,0,0.0
2020-12-29,0,0.0
2020-12-30,0,0.0
2020-12-31,0,0.0
2021-01-01,0,0.0
2021-01-02,0,0.0
2021-01-03,0,0.0
2021-01-04,0,0.0
2021-01-05,0,0.0
2021-01-06,0,0.0
2021-01-07,0,0.0
2021-01-08,0,0.0
2021-01-09,0,1821.0001
2021-01-10,0,2081.0
2021-01-11,0,2081.0
2021-01-12,0,2081.0
2021-01-13,0,2552.0002
2021-01-14,0,1959.0
2021-01-15,0,1781.0
2021-01-16,0,1781.0
2021-01-17,0,0.0
2021-01-18,0,0.0
2021-01-19,0,0.0
2021-01-20,0,0.0
2021-01-21,0,0.0
2021-01-22,0,0.0
2021-01-23,0,0.0
2021-01-24,0,0.0
2021-01-25,0,51082.0
2021-01-26,0,43681.0
2021-01-27,0,52654.0
2021-01-28,0,51389.0
2021-01-29,0,52358.0
2021-01-30,0,48966.0
2021-01-31,0,52647.004
2021-02-01,0,63995.01
2021-02-02,0,2242.0
2021-02-03,0,2242.0
2021-02-04,0,2257.0
2021-02-05,0,2494.0
2021-02-06,0,2113.0002
2021-02-07,0,2199.0002
2021-02-08,0,2469.0002
2021-02-09,0,2339.0
2021-02-10,0,62391.004
2021-02-11,0,66787.01
2021-02-12,0,62122.004
2021-02-13,0,70634.99
2021-02-14,0,72259.0
2021-02-15,0,74462.0
2021-02-16,0,61536.004
2021-02-17,0,73203.01
2021-02-18,0,100350.01
2021-02-20,0,98863.01
2021-02-21,0,85342.016
2021-02-22,0,88720.0
2021-02-23,0,83767.016
2021-02-24,0,84541.01
2021-02-25,0,80845.0
2021-02-26,0,137928.02
2021-02-27,0,122413.01
2021-02-28,0,150328.02
2021-03-01,0,156171.02
2021-03-02,0,154693.0
2021-03-03,0,189501.02
2021-03-04,0,178338.0
2021-03-05,0,187992.0
2021-03-06,0,490721.97
2021-03-07,0,581645.0
2021-03-08,0,699573.06
2021-03-09,0,637504.06
2021-03-10,0,655373.06
2021-03-11,0,769101.06
2021-03-12,0,730212.06
2021-03-13,0,625900.0
2021-03-14,0,801408.0
2021-03-15,0,909568.06
2021-03-16,0,853035.06
2021-03-17,0,801707.0
2021-03-18,0,880739.06
2021-03-19,0,851465.06
2021-03-20,0,854044.06
2021-03-21,0,812692.1
2021-03-22,0,73374.01
2021-03-23,0,71392.0
2021-03-24,0,82774.0
2021-03-25,0,79171.0
2021-03-26,0,71972.01
2021-03-27,0,93574.0
2021-03-28,0,92781.01
2021-03-29,0,83050.01
2021-03-30,0,891460.0
2021-03-31,0,940232.06
2021-04-02,0,909767.06
2021-04-03,0,1012600.06
2021-04-04,0,931268.1
2021-04-05,0,787233.06
2021-04-06,0,967239.0
2021-04-07,0,99772.01
2021-04-08,0,93098.01
2021-04-09,0,106209.01
2021-04-10,0,122838.01
2021-04-11,0,115994.01
2021-04-12,0,107451.01
2021-04-13,0,113923.01
2021-04-14,0,132878.0
2021-04-15,0,1510933.1
2021-04-16,0,1373117.1
2021-04-17,0,1218873.0
2021-04-18,0,1496452.0
2021-04-19,0,1573963.1
2021-04-20,0,1643544.2
2021-04-21,0,1634411.1
2021-04-22,0,1467123.0
2021-04-23,0,2087896.1
2021-04-24,0,2983421.8
2021-04-25,0,3222850.0
2021-04-26,0,3195707.2
2021-04-27,0,2907333.0
2021-04-28,0,3499788.0
2021-04-29,0,3705285.0
2021-04-30,0,3426672.5
2021-05-01,0,3671231.5
2021-05-02,0,3344344.2
2021-05-03,0,3300552.2
2021-05-04,0,3480264.2
2021-05-05,0,3678173.0
2021-05-06,0,3572673.0
2021-05-07,0,4131652.0
2021-05-08,0,4038618.5
2021-05-09,0,3340775.0
2021-05-10,0,4174912.0
2021-05-11,0,3783533.0
2021-05-12,0,3846531.2
2021-05-13,0,3654716.2
2021-05-14,0,3766412.0
2021-05-15,0,3702572.2
2021-05-16,0,2940915.0
2021-05-17,0,2571418.2
2021-05-18,0,2690217.0
2021-05-19,0,3018402.0
2021-05-20,0,3131645.0
2021-05-21,0,3176965.0
2021-05-22,0,2878240.2
2021-05-23,0,2102760.0
2021-05-24,0,2680473.0
2021-05-25,0,3840517.0
2021-05-26,0,3766410.0
2021-05-27,0,3619372.2
2021-05-28,0,4266400.0
2021-05-29,0,3776375.0
2021-05-30,0,4026563.2
2021-05-31,0,3787444.2
2021-06-01,0,3970574.0
2021-06-02,0,3096649.2
2021-06-03,0,2814762.0
2021-06-04,0,2909572.2
2021-06-05,0,2701036.2
2021-06-06,0,3059011.2
2021-06-07,0,2583628.2
2021-06-08,0,3412642.2
2021-06-09,0,3118423.2
2021-06-10,0,5112343.5
2021-06-11,0,4074501.0
2021-06-12,0,4394261.0
2021-06-13,0,4183533.2
2021-06-14,0,3771216.5
2021-06-16,0,4474588.5
2021-06-17,0,4722937.0
2021-06-18,0,5199817.0
2021-06-19,0,5434115.5
2021-06-20,0,5533702.5
2021-06-21,0,5562276.5
2021-06-22,0,5328660.0
2021-06-23,0,5583220.0
2021-06-24,0,6402069.5
2021-06-25,0,6444948.0
2021-06-26,0,4120618.2
2021-06-27,0,3959025.5
2021-06-28,0,3928059.2
2021-06-29,0,3873951.2
2021-06-30,0,4253360.5
2021-07-01,0,3825059.2
2021-07-02,0,4137547.0
2021-07-03,0,4081501.0
2021-07-04,0,5937793.0
2021-07-05,0,6118817.5
2021-07-06,0,5418107.5
2021-07-07,0,5341172.0
2021-07-08,0,5345964.5
2021-07-09,0,5289795.5
2021-07-10,0,5592057.0
2021-07-11,0,5830759.0
2021-07-12,0,5982553.0
2021-07-13,0,5594954.0
2021-07-14,0,5535972.5
2021-07-15,0,5554052.5
2021-07-16,0,5603397.5
2021-07-17,0,5888605.5
2021-07-18,0,5696180.5
2021-07-19,0,5765792.5
2021-07-20,0,5606574.0
2021-07-21,0,5320092.0
2021-07-22,0,6069067.5
2021-07-23,0,5500287.0
2021-07-24,0,4968777.0
2021-07-25,0,5580905.5
2021-07-26,0,5670111.0
2021-07-27,0,5255990.0
2021-07-28,0,5389904.5
2021-07-29,0,5757251.0
2021-07-30,0,5778438.5
2021-07-31,0,6150058.5
2021-08-01,0,6098292.0
2021-08-02,0,5646168.5
2021-08-03,0,6009702.0
2021-08-04,0,5605445.5
2021-08-05,0,4511257.5
2021-08-06,0,4271357.5
2021-08-07,0,4263475.0
2021-08-08,0,4307895.0
2021-08-09,0,4355294.0
2021-08-10,0,4444970.0
2021-08-11,0,4261965.5
2021-08-12,0,4128360.2
2021-08-13,0,4415184.5
2021-08-14,0,4738297.5
2021-08-15,0,4764506.0
2021-08-16,0,4800048.0
2021-08-17,0,4990090.0
2021-08-18,0,4751983.0
2021-08-19,0,4768439.5
2021-08-20,0,4712440.5
2021-08-21,0,3599228.2
2021-08-22,0,3586608.2
2021-08-23,0,3637276.2
2021-08-24,0,3916894.0
2021-08-25,0,3825839.2
2021-08-26,0,3989538.5
2021-08-27,0,3872495.2
2021-08-28,0,3761036.5
2021-08-29,0,4879428.5
2021-08-30,0,4909528.5
2021-08-31,0,4219761.5
2021-09-01,0,4827875.5
2021-09-02,0,4667577.5
2021-09-03,0,4836551.5
2021-09-04,0,5015432.5
2021-09-05,0,4732093.5
2021-09-06,0,2414721.2
2021-09-07,0,2458660.2
2021-09-08,0,2499321.2
2021-09-09,0,2463545.8
2021-09-10,0,2059720.2
2021-09-11,0,2029691.2
2021-09-12,0,2209887.2
2021-09-13,0,1746759.0
2021-09-14,0,2978702.0
2021-09-15,0,2835352.0
2021-09-16,0,2645340.2
2021-09-17,0,2712854.2
2021-09-18,0,2940122.2
2021-09-19,0,2757319.0
2021-09-20,0,2684329.0
2021-09-21,0,2926896.0
2021-09-22,0,974504.1
2021-09-23,0,1031826.0
2021-09-24,0,1044204.1
2021-09-25,0,948573.0
2021-09-26,0,944927.06
2021-09-27,0,813996.0
2021-09-28,0,1015470.0
2021-09-29,0,835718.06
2021-09-30,0,1148693.1
2021-10-01,0,1127067.0
2021-10-02,0,1386363.0
2021-10-03,0,1223036.1
2021-10-04,0,1262608.0
2021-10-05,0,1297924.0
2021-10-06,0,1395244.1
2021-10-07,0,1365453.0
2021-10-08,0,477987.0
2021-10-09,0,488849.03
2021-10-10,0,441606.0
2021-10-11,0,461060.0
2021-10-12,0,410849.03
2021-10-14,0,403885.0
2021-10-15,0,384126.0
2021-10-16,0,76540.0
2021-10-17,0,70489.0
2021-10-18,0,70974.01
2021-10-19,0,66762.0
2021-10-20,0,69740.01
2021-10-21,0,66746.01
2021-10-22,0,66785.0
2021-10-23,0,52946.0
2021-10-24,0,1486480.1
2021-10-25,0,1479026.1
2021-10-26,0,1492813.1
2021-10-27,0,1547675.0
2021-10-28,0,1598612.1
2021-10-29,0,1462784.1
2021-10-30,0,1581131.1
2021-10-31,0,1624523.1
2021-11-01,0,735757.0
2021-11-02,0,636311.06
2021-11-03,0,525792.0
2021-11-04,0,579963.0
2021-11-05,0,561578.0
2021-11-06,0,507821.03
2021-11-07,0,557426.06
2021-11-08,0,660087.06
2021-11-09,0,16876.0
2021-11-10,0,15579.0
2021-11-11,0,15536.0
2021-11-12,0,13972.001
2021-11-13,0,14743.0
2021-11-14,0,11942.0
2021-11-15,0,14642.0
2021-11-16,0,15843.0
2021-11-17,0,0.0
2021-11-18,0,0.0
2021-11-19,0,0.0
2021-11-20,0,0.0
2021-11-21,0,0.0
2021-11-22,0,0.0
2021-11-23,0,0.0
2021-11-24,0,0.0
2021-11-25,0,0.0
2021-11-26,0,0.0
2021-11-27,0,0.0
2021-11-28,0,0.0
2021-11-29,0,0.0
2021-11-30,0,0.0
2021-12-01,0,0.0
2021-12-02,0,0.0
2021-12-03,0,0.0
2021-12-04,0,0.0
2021-12-05,0,0.0
2021-12-06,0,0.0
2021-12-07,0,0.0
2021-12-08,0,0.0
2021-12-09,0,0.0
2021-12-10,0,0.0
2021-12-11,0,0.0
2021-12-12,0,0.0
2021-12-13,0,0.0
2021-12-14,0,0.0
2021-12-15,0,0.0
2021-12-16,0,0.0
2021-12-17,0,0.0
2021-12-19,0,0.0
2021-12-20,0,0.0
2021-12-21,0,0.0
2021-12-22,0,0.0
2021-12-23,0,0.0
2021-12-24,0,0.0
2021-12-25,0,0.0
2021-12-26,0,0.0
2021-12-27,0,0.0
2021-12-28,0,0.0
2021-12-29,0,0.0
2021-12-30,0,0.0
2021-12-31,0,0.0
2022-01-01,0,0.0
2022-01-02,0,0.0
2022-01-03,0,0.0
2022-01-04,0,0.0
2022-01-05,0,0.0
2022-01-06,0,0.0
2022-01-07,0,0.0
2022-01-08,0,0.0
2022-01-09,0,0.0
2022-01-10,0,0.0
2022-01-11,0,0.0
2022-01-12,0,0.0
2022-01-13,0,0.0
2022-01-14,0,0.0
2022-01-15,0,0.0
2022-01-16,0,0.0
2022-01-17,0,0.0
2022-01-18,0,0.0
2022-01-19,0,0.0
2022-01-20,0,0.0
2022-01-21,0,0.0
2022-01-22,0,0.0
2022-01-23,0,0.0
2022-01-24,0,0.0
2022-01-25,0,5853.0005
2022-01-26,0,4829.0005
2022-01-27,0,6006.0
2022-01-28,0,5821.0005
2022-01-29,0,5957.0005
2022-01-30,0,5477.0
2022-01-31,0,5886.0
2022-02-01,0,7231.001
2022-02-02,0,0.0
2022-02-03,0,0.0
2022-02-04,0,0.0
2022-02-05,0,0.0
2022-02-06,0,0.0
2022-02-07,0,0.0
2022-02-08,0,0.0
2022-02-09,0,0.0
2022-02-10,0,0.0
2022-02-11,0,0.0
2022-02-12,0,0.0
2022-02-13,0,0.0
2022-02-14,0,0.0
2022-02-15,0,0.0
2022-02-16,0,0.0
2022-02-18,0,0.0
2022-02-19,0,0.0
2022-02-20,0,0.0
2022-02-21,0,0.0
2022-02-22,0,0.0
2022-02-23,0,0.0
2022-02-24,0,0.0
2022-02-25,0,0.0
2022-02-26,0,27158.002
2022-02-27,0,25933.002
2022-02-28,0,31086.002
2022-03-01,0,32613.002
2022-03-02,0,32774.0
2022-03-03,0,38906.0
2022-03-04,0,37476.008
2022-03-05,0,38140.004
2022-03-06,0,750342.0
2022-03-07,0,893233.06
2022-03-08,0,1071239.0
2022-03-09,0,976468.0
2022-03-10,0,1002543.06
2022-03-11,0,1175666.0
2022-03-12,0,1119331.0
2022-03-13,0,959939.0
2022-03-14,0,39522.004
2022-03-15,0,43977.0
2022-03-16,0,41712.0
2022-03-17,0,39038.004
2022-03-18,0,43918.0
2022-03-19,0,41720.004
2022-03-20,0,41720.004
2022-03-21,0,39574.0
2022-03-22,0,379122.03
2022-03-24,0,429638.0
2022-03-25,0,412852.03
2022-03-26,0,378143.0
2022-03-27,0,486085.03
2022-03-28,0,487826.06
2022-03-29,0,433992.0
2022-03-30,0,876462.06
2022-03-31,0,921993.06
2022-04-01,0,770111.0
2022-04-02,0,894933.0
2022-04-03,0,995907.06
2022-04-04,0,916548.06
2022-04-05,0,770423.06
2022-04-06,0,949946.06
2022-04-07,0,1009309.06
2022-04-08,0,949549.06
2022-04-09,0,1089479.0
2022-04-10,0,1245380.1
2022-04-12,0,1083425.0
2022-04-13,0,1148064.0
2022-04-14,0,1351770.0
2022-04-15,0,1970110.0
2022-04-16,0,1792696.0
2022-04-17,0,1589910.1
2022-04-18,0,1956229.1
2022-04-19,0,2036338.1
2022-04-20,0,2137905.2
2022-04-21,0,2125389.0
2022-04-22,0,1882307.0
2022-04-23,0,1867429.2
2022-04-24,0,2666654.2
2022-04-25,0,2879808.2
2022-04-26,0,2856458.0
2022-04-27,0,2598492.2
2022-04-28,0,3127938.0
2022-04-29,0,3312722.2
2022-04-30,0,3063184.0
2022-05-01,0,2057849.1
2022-05-02,0,1871816.0
2022-05-03,0,1851564.1
2022-05-04,0,1948734.1
2022-05-05,0,2062709.4
2022-05-06,0,2004301.2
2022-05-07,0,2314567.8
2022-05-08,0,2262270.0
2022-05-09,0,2436046.0
2022-05-10,0,3044327.2
2022-05-11,0,2753669.2
2022-05-12,0,2802690.2
2022-05-13,0,2665372.2
2022-05-14,0,2747746.0
2022-05-15,0,2694720.2
2022-05-16,0,2140518.0
2022-05-17,0,3020475.2
2022-05-18,0,3141426.2
2022-05-19,0,3545506.0
2022-05-20,0,3677327.2
2022-05-21,0,3731790.0
2022-05-22,0,3381598.2
2022-05-23,0,2462117.2
2022-05-24,0,3147438.2
2022-05-25,0,5693050.5
2022-05-26,0,5581352.5
2022-05-27,0,5365444.0
2022-05-28,0,6326431.0
2022-05-29,0,5601012.0
2022-05-30,0,5967239.5
2022-05-31,0,5616002.5
2022-06-01,0,5887511.5
2022-06-02,0,5399323.5
2022-06-03,0,4904241.0
2022-06-04,0,5071476.5
2022-06-05,0,4702767.0
2022-06-06,0,5330118.0
2022-06-07,0,4512474.0
2022-06-08,0,5946371.0
2022-06-09,0,5427212.0
2022-06-10,0,4422911.0
2022-06-11,0,3525825.2
2022-06-12,0,3802054.2
2022-06-13,0,3619641.0
2022-06-17,0,4086739.0
2022-06-18,0,4038438.2
2022-06-19,0,4219863.5
2022-06-20,0,4298351.0
2022-06-21,0,4319467.0
2022-06-22,0,4138961.8
2022-06-23,0,4337373.5
2022-06-24,0,4971272.5
2022-06-25,0,5005985.5
2022-06-26,0,5769131.0
2022-06-27,0,5563368.5
2022-06-29,0,5452780.0
2022-06-30,0,5974945.5
2022-07-01,0,5379148.5
2022-07-02,0,5815286.0
2022-07-03,0,5740906.0
2022-07-04,0,5848265.5
2022-07-05,0,6028820.5
2022-07-06,0,5336717.0
2022-07-07,0,5260342.0
2022-07-08,0,5265063.5
2022-07-09,0,5211931.5
2022-07-10,0,5507232.0
2022-07-11,0,5741905.0
2022-07-12,0,5480525.5
2022-07-13,0,5124453.0
2022-07-14,0,5071384.5
2022-07-15,0,5087037.0
2022-07-16,0,5132109.0
2022-07-18,0,5219027.5
2022-07-19,0,5280669.0
2022-07-20,0,4302437.5
2022-07-21,0,4081528.2
2022-07-22,0,4657046.0
2022-07-24,0,3810585.2
2022-07-25,0,4279351.0
2022-07-26,0,4349209.0
2022-07-27,0,4034776.2
2022-07-28,0,3830072.2
2022-07-29,0,4093507.2
2022-07-30,0,4110153.2
2022-07-31,0,4373003.5
2022-08-01,0,4335526.5
2022-08-02,0,4017095.5
2022-08-03,0,4273475.5
2022-08-04,0,3983199.0
2022-08-05,0,5269056.5
2022-08-06,0,4983402.5
2022-08-07,0,4977923.5
2022-08-08,0,5032060.5
2022-08-09,0,5088697.5
2022-08-10,0,5189936.5
2022-08-11,0,4986997.0
2022-08-12,0,4823892.5
2022-08-13,0,4293500.0
2022-08-14,0,4609512.5
2022-08-15,0,4635108.5
2022-08-16,0,4666770.5
2022-08-17,0,4856285.0
2022-08-18,0,4620972.5
2022-08-19,0,4637694.5
2022-08-20,0,4582932.0
2022-08-21,0,3388984.2
2022-08-22,0,3372527.0
2022-08-23,0,3416999.0
2022-08-24,0,3681125.0
2022-08-25,0,3596829.2
2022-08-26,0,3748863.2
2022-08-27,0,3637050.5
2022-08-28,0,3533870.2
2022-08-29,0,3455116.2
2022-08-30,0,3473219.2
2022-08-31,0,2984526.2
2022-09-01,0,3416624.0
2022-09-02,0,3307857.5
2022-09-03,0,3424650.2
2022-09-04,0,3556321.5
2022-09-05,0,3357705.0
2022-09-06,0,3525266.2
2022-09-07,0,3591183.2
2022-09-08,0,3649978.0
2022-09-09,0,3598119.2
2022-09-10,0,3007990.0
2022-09-11,0,2965351.2
2022-09-12,0,3226960.2
2022-09-13,0,2552333.0
2022-09-14,0,2589575.2
2022-09-15,0,2466582.0
2022-09-16,0,2301806.2
2022-09-17,0,2361106.0
2022-09-18,0,2556748.2
2022-09-19,0,2399797.0
2022-09-20,0,2334001.0
2022-09-21,0,2547199.2
2022-09-22,0,2577821.2
2022-09-23,0,2729935.2
2022-09-24,0,2759300.2
2022-09-26,0,2498504.2
2022-09-27,0,2151474.2
2022-09-28,0,2684702.2
2022-09-29,0,2211086.0
2022-09-30,0,209896.0
2022-10-01,0,204957.98
2022-10-02,0,254997.02
2022-10-03,0,224755.0
2022-10-04,0,232446.02
2022-10-06,0,253186.02
2022-10-07,0,250209.0
2022-10-08,0,232442.02
2022-10-09,0,238125.0
2022-10-10,0,214750.98
2022-10-11,0,223693.0
2022-10-12,0,198746.0
2022-10-13,0,203667.03
2022-10-14,0,195960.0
2022-10-15,0,187290.0
2022-10-16,0,1222546.0
2022-10-17,0,1131229.0
2022-10-18,0,1131377.9
2022-10-19,0,1069726.1
2022-10-20,0,1119227.0
2022-10-21,0,1068207.0
2022-10-22,0,1067584.0
2022-10-23,0,844999.0
2022-10-24,0,20450.004
2022-10-25,0,19652.0
2022-10-26,0,19668.002
2022-10-27,0,21674.002
2022-10-28,0,21529.0
2022-10-29,0,19684.002
2022-10-31,0,20954.0
2022-11-01,0,0.0
2022-11-02,0,0.0
2022-11-03,0,0.0
2022-11-04,0,0.0
2022-11-05,0,0.0
2022-11-06,0,0.0
2022-11-07,0,0.0
2022-11-08,0,0.0
2022-11-09,0,0.0
2022-11-10,0,0.0
2022-11-11,0,0.0
2022-11-12,0,0.0
2022-11-13,0,0.0
2022-11-14,0,0.0
2022-11-15,0,0.0
2022-11-16,0,0.0
2022-11-17,0,0.0
2022-11-18,0,0.0
2022-11-19,0,0.0
2022-11-20,0,0.0
2022-11-21,0,0.0
2022-11-22,0,0.0
2022-11-23,0,0.0
2022-11-24,0,0.0
2022-11-25,0,0.0
2022-11-26,0,0.0
2022-11-27,0,0.0
2022-11-28,0,0.0
2022-11-29,0,0.0
2022-11-30,0,0.0
2022-12-01,0,0.0
2022-12-02,0,0.0
2022-12-04,0,0.0
2022-12-05,0,0.0
2022-12-06,0,0.0
2022-12-07,0,0.0
2022-12-08,0,0.0
2022-12-09,0,0.0
2022-12-10,0,0.0
2022-12-11,0,575.00006
2022-12-12,0,646.0
2022-12-13,0,646.0
2022-12-14,0,575.00006
2022-12-15,0,575.00006
2022-12-16,0,575.00006
2022-12-17,0,575.00006
2022-12-18,0,431.00003
2022-12-19,0,452.0
2022-12-20,0,603.00006
2022-12-21,0,678.00006
2022-12-22,0,527.0
2022-12-23,0,452.0
2022-12-24,0,678.00006
2022-12-25,0,603.00006
2022-12-26,0,603.00006
2022-12-27,0,0.0
2022-12-28,0,0.0
2022-12-29,0,0.0
2022-12-30,0,0.0
2022-12-31,0,0.0
2023-01-01,0,0.0
